file_number,name
19,JAY-FOUR L.L.C.
27,ROCKHOLD AGENCY L.L.C.
35,"FCT INVESTMENTS, L.L.C."
43,"FCT GROUP, L.L.C."
51,"FIRST CONTINENTAL TRADING, L.L.C."
78,"G.R.J.M., L.L.C."
86,"PELNAR SORINSKY, L.L.C."
94,"ANDERSON CLINICAL TECHNOLOGIES, L.L.C."
108,"ACHESON, ILLG & COMPANY, L.L.C."
116,VANGUARD GROUP L.L.C.
124,MILLENNIUM FINANCIAL L.L.C.
132,BRIDGEVIEW PROPERTY L.L.C.
159,"CARMEL MUSIC & ENTERTAINMENT, L.L.C."
167,"DEEKE APARTMENTS, L.L.C."
175,"DEEKE FARMS, L.L.C."
183,BUTTERFIELD/SCHWARTZ L.L.C.
191,STIPES PUBLISHING L.L.C.
205,"DUGGAN AND ASSOCIATES, L.L.C."
213,"DANDY, L.L.C"
221,"303 LIMO, L.L.C."
248,303 LLC
256,"SUBURBAN DISPATCH, L.L.C."
264,"AMERICAN KATHRYN, L.L.C."
272,"AMERICAN INVESTORS IN CHINA, L.L.C."
299,"LAMM ROAD REALTY, L.L.C."
302,JAAL LIMITED LIABILITY COMPANY
329,"GROSS KAPLAN & OSIOL, L.L.C."
337,"SARGENT & LUNDY, L.L.C."
345,"5600 NORTH SHERIDAN ROAD, L.L.C."
